table,position,source_header,dest_header,datatype,valuetype,has_codes,start,width,size,summary,description
housing_cost_an,1,ind_id,ind_id,int,,False,,,,,
housing_cost_an,2,ind_definition,ind_definition,str,,False,,,,,
housing_cost_an,3,datasource,datasource,str,,False,,,,,
housing_cost_an,4,reportyear,reportyear,str,,False,,,,,
housing_cost_an,5,burden,burden,str,,False,,,,,
housing_cost_an,6,tenure,tenure,str,,False,,,,,
housing_cost_an,7,race_eth_code,race_eth_code,int,,False,,,,,
housing_cost_an,8,race_eth_name,race_eth_name,str,,False,,,,,
housing_cost_an,9,income_level,income_level,str,,False,,,,,
housing_cost_an,10,geotype,geotype,str,,False,,,,,
housing_cost_an,11,geotypevalue,geotypevalue,int,,False,,,,,
housing_cost_an,12,geoname,geoname,str,,False,,,,,
housing_cost_an,13,county_name,county_name,unknown,,False,,,,,
housing_cost_an,14,county_fips,county_fips,unknown,,False,,,,,
housing_cost_an,15,region_name,region_name,str,,False,,,,,
housing_cost_an,16,region_code,region_code,int,,False,,,,,
housing_cost_an,17,total_households,total_households,int,,False,,,,,
housing_cost_an,18,burdened_households,burdened_households,int,,False,,,,,
housing_cost_an,19,percent,percent,float,,False,,,,,
housing_cost_an,20,ll95ci,ll95ci,float,,False,,,,,
housing_cost_an,21,ul95ci,ul95ci,float,,False,,,,,
housing_cost_an,22,se,se,float,,False,,,,,
housing_cost_an,23,rse,rse,float,,False,,,,,
housing_cost_an,24,ca_decile,ca_decile,unknown,,False,,,,,
housing_cost_an,25,ca_rr,ca_rr,float,,False,,,,,
housing_cost_an,26,version,version,float,,False,,,,,
transport_work,1,ind_id,ind_id,int,,False,,,,,
transport_work,2,ind_definition,ind_definition,str,,False,,,,,
transport_work,3,reportyear,reportyear,str,,False,,,,,
transport_work,4,race_eth_code,race_eth_code,int,,False,,,,,
transport_work,5,race_eth_name,race_eth_name,str,,False,,,,,
transport_work,6,geotype,geotype,str,,False,,,,,
transport_work,7,geotypevalue,geotypevalue,int,,False,,,,,
transport_work,8,geoname,geoname,str,,False,,,,,
transport_work,9,county_name,county_name,str,,False,,,,,
transport_work,10,county_fips,county_fips,int,,False,,,,,
transport_work,11,region_name,region_name,str,,False,,,,,
transport_work,12,region_code,region_code,int,,False,,,,,
transport_work,13,mode,mode,str,,False,,,,,
transport_work,14,mode_name,mode_name,str,,False,,,,,
transport_work,15,pop_total,pop_total,int,,False,,,,,
transport_work,16,pop_mode,pop_mode,int,,False,,,,,
transport_work,17,percent,percent,float,,False,,,,,
transport_work,18,ll95ci_percent,ll95ci_percent,float,,False,,,,,
transport_work,19,ul95ci_percent,ul95ci_percent,float,,False,,,,,
transport_work,20,percent_se,percent_se,float,,False,,,,,
transport_work,21,percent_rse,percent_rse,float,,False,,,,,
transport_work,22,ca_decile,ca_decile,unknown,,False,,,,,
transport_work,23,ca_rr,ca_rr,float,,False,,,,,
transport_work,24,version,version,float,,False,,,,,
unsafe_water_oy,1,ind_id,ind_id,int,,False,,,,,
unsafe_water_oy,2,ind_definition,ind_definition,str,,False,,,,,
unsafe_water_oy,3,reportyear,reportyear,str,,False,,,,,
unsafe_water_oy,4,race_eth_code,race_eth_code,int,,False,,,,,
unsafe_water_oy,5,race_eth_name,race_eth_name,str,,False,,,,,
unsafe_water_oy,6,geotype,geotype,str,,False,,,,,
unsafe_water_oy,7,geotypevalue,geotypevalue,int,,False,,,,,
unsafe_water_oy,8,geoname,geoname,str,,False,,,,,
unsafe_water_oy,9,county_fips,county_fips,int,,False,,,,,
unsafe_water_oy,10,county_name,county_name,str,,False,,,,,
unsafe_water_oy,11,region_code,region_code,int,,False,,,,,
unsafe_water_oy,12,region_name,region_name,str,,False,,,,,
unsafe_water_oy,13,category,category,str,,False,,,,,
unsafe_water_oy,14,numerator,numerator,int,,False,,,,,
unsafe_water_oy,15,denominator,denominator,int,,False,,,,,
unsafe_water_oy,16,percent,percent,float,,False,,,,,
unsafe_water_oy,17,ll_95ci,ll_95ci,float,,False,,,,,
unsafe_water_oy,18,ul_95ci,ul_95ci,float,,False,,,,,
unsafe_water_oy,19,se,se,float,,False,,,,,
unsafe_water_oy,20,rse,rse,float,,False,,,,,
unsafe_water_oy,21,ca_decile,ca_decile,unknown,,False,,,,,
unsafe_water_oy,22,ca_rr,ca_rr,float,,False,,,,,
unsafe_water_oy,23,tot_pop,tot_pop,int,,False,,,,,
unsafe_water_oy,24,coverage,coverage,float,,False,,,,,
unsafe_water_oy,25,version,version,float,,False,,,,,
high_school_ed,1,ind_id,ind_id,int,,False,,,,,
high_school_ed,2,ind_definition,ind_definition,str,,False,,,,,
high_school_ed,3,reportyear,reportyear,str,,False,,,,,
high_school_ed,4,race_eth_code,race_eth_code,int,,False,,,,,
high_school_ed,5,race_eth_name,race_eth_name,str,,False,,,,,
high_school_ed,6,geotype,geotype,str,,False,,,,,
high_school_ed,7,geotypevalue,geotypevalue,int,,False,,,,,
high_school_ed,8,geoname,geoname,str,,False,,,,,
high_school_ed,9,county_name,county_name,str,,False,,,,,
high_school_ed,10,county_fips,county_fips,int,,False,,,,,
high_school_ed,11,region_name,region_name,str,,False,,,,,
high_school_ed,12,region_code,region_code,int,,False,,,,,
high_school_ed,13,pop25pl_hs,pop25pl_hs,float,,False,,,,,
high_school_ed,14,pop25pl,pop25pl,int,,False,,,,,
high_school_ed,15,p_hs_edatt,p_hs_edatt,float,,False,,,,,
high_school_ed,16,se,se,float,,False,,,,,
high_school_ed,17,rse,rse,float,,False,,,,,
high_school_ed,18,ll_95ci,ll_95ci,float,,False,,,,,
high_school_ed,19,ul_95ci,ul_95ci,float,,False,,,,,
high_school_ed,20,ca_decile,ca_decile,int,,False,,,,,
high_school_ed,21,ca_rr,ca_rr,float,,False,,,,,
high_school_ed,22,version,version,float,,False,,,,,
miles_traveled,1,ind_id,ind_id,int,,False,,,,,
miles_traveled,2,ind_definition,ind_definition,str,,False,,,,,
miles_traveled,3,reportyear,reportyear,int,,False,,,,,
miles_traveled,4,geotype,geotype,str,,False,,,,,
miles_traveled,5,geotypevalue,geotypevalue,int,,False,,,,,
miles_traveled,6,geoname,geoname,str,,False,,,,,
miles_traveled,7,county_name,county_name,unknown,,False,,,,,
miles_traveled,8,county_fips,county_fips,unknown,,False,,,,,
miles_traveled,9,region_name,region_name,unknown,,False,,,,,
miles_traveled,10,region_code,region_code,unknown,,False,,,,,
miles_traveled,11,mode,mode,str,,False,,,,,
miles_traveled,12,avmttotal,avmttotal,float,,False,,,,,
miles_traveled,13,totalpop,totalpop,float,,False,,,,,
miles_traveled,14,mpcratio,mpcratio,float,,False,,,,,
miles_traveled,15,ll95ci_mpcratio,ll95ci_mpcratio,str,,False,,,,,
miles_traveled,16,ul95ci_mpcratio,ul95ci_mpcratio,str,,False,,,,,
miles_traveled,17,mpcratio_se,mpcratio_se,str,,False,,,,,
miles_traveled,18,mpcratio_rse,mpcratio_rse,str,,False,,,,,
miles_traveled,19,ca_decile_mpcratio,ca_decile_mpcratio,unknown,,False,,,,,
miles_traveled,20,ca_rr_mpc,ca_rr_mpc,float,,False,,,,,
miles_traveled,21,areasqmi,areasqmi,unknown,,False,,,,,
miles_traveled,22,mpsqmiratio,mpsqmiratio,unknown,,False,,,,,
miles_traveled,23,ll95ci_mpsqmiratio,ll95ci_mpsqmiratio,str,,False,,,,,
miles_traveled,24,ul95ci_mpsqmiratio,ul95ci_mpsqmiratio,str,,False,,,,,
miles_traveled,25,mpsqmiratio_se,mpsqmiratio_se,str,,False,,,,,
miles_traveled,26,mpsqmiratio_rse,mpsqmiratio_rse,str,,False,,,,,
miles_traveled,27,ca_decile_mpsqmiratio,ca_decile_mpsqmiratio,unknown,,False,,,,,
miles_traveled,28,ca_rr_mpsqmi,ca_rr_mpsqmi,unknown,,False,,,,,
miles_traveled,29,groupquarters,groupquarters,unknown,,False,,,,,
miles_traveled,30,version,version,float,,False,,,,,
public_transit_bay,1,ind_id,ind_id,int,,False,,,,,
public_transit_bay,2,ind_definition,ind_definition,str,,False,,,,,
public_transit_bay,3,reportyear,reportyear,int,,False,,,,,
public_transit_bay,4,race_eth_code,race_eth_code,int,,False,,,,,
public_transit_bay,5,race_eth_name,race_eth_name,str,,False,,,,,
public_transit_bay,6,geotype,geotype,str,,False,,,,,
public_transit_bay,7,geotypevalue,geotypevalue,int,,False,,,,,
public_transit_bay,8,geoname,geoname,str,,False,,,,,
public_transit_bay,9,county_name,county_name,str,,False,,,,,
public_transit_bay,10,county_fips,county_fips,int,,False,,,,,
public_transit_bay,11,region_name,region_name,str,,False,,,,,
public_transit_bay,12,region_code,region_code,int,,False,,,,,
public_transit_bay,13,pop_trans_acc,pop_trans_acc,int,,False,,,,,
public_transit_bay,14,pop2010,pop2010,int,,False,,,,,
public_transit_bay,15,p_trans_acc,p_trans_acc,float,,False,,,,,
public_transit_bay,16,ll_95ci,ll_95ci,float,,False,,,,,
public_transit_bay,17,ul_95ci,ul_95ci,float,,False,,,,,
public_transit_bay,18,se,se,float,,False,,,,,
public_transit_bay,19,rse,rse,float,,False,,,,,
public_transit_bay,20,mtc_decile,mtc_decile,unknown,,False,,,,,
public_transit_bay,21,mtc_rr,mtc_rr,float,,False,,,,,
public_transit_bay,22,version,version,float,,False,,,,,
alcohol_outlets_oy,1,ind_id,ind_id,int,,False,,,,,
alcohol_outlets_oy,2,ind_definition,ind_definition,str,,False,,,,,
alcohol_outlets_oy,3,reportyear,reportyear,int,,False,,,,,
alcohol_outlets_oy,4,race_eth_code,race_eth_code,int,,False,,,,,
alcohol_outlets_oy,5,race_eth_name,race_eth_name,str,,False,,,,,
alcohol_outlets_oy,6,geotype,geotype,str,,False,,,,,
alcohol_outlets_oy,7,geotypevalue,geotypevalue,int,,False,,,,,
alcohol_outlets_oy,8,geoname,geoname,str,,False,,,,,
alcohol_outlets_oy,9,county_fips,county_fips,int,,False,,,,,
alcohol_outlets_oy,10,county_name,county_name,str,,False,,,,,
alcohol_outlets_oy,11,region_code,region_code,int,,False,,,,,
alcohol_outlets_oy,12,region_name,region_name,str,,False,,,,,
alcohol_outlets_oy,13,license_type,license_type,str,,False,,,,,
alcohol_outlets_oy,14,numerator,numerator,int,,False,,,,,
alcohol_outlets_oy,15,denominator,denominator,int,,False,,,,,
alcohol_outlets_oy,16,percent,percent,float,,False,,,,,
alcohol_outlets_oy,17,ll_95ci,ll_95ci,float,,False,,,,,
alcohol_outlets_oy,18,ul_95ci,ul_95ci,float,,False,,,,,
alcohol_outlets_oy,19,se,se,float,,False,,,,,
alcohol_outlets_oy,20,rse,rse,float,,False,,,,,
alcohol_outlets_oy,21,ca_decile,ca_decile,int,,False,,,,,
alcohol_outlets_oy,22,ca_rr,ca_rr,float,,False,,,,,
alcohol_outlets_oy,23,version,version,float,,False,,,,,
household_type,1,ind_id,ind_id,int,,False,,,,,
household_type,2,ind_definition,ind_definition,str,,False,,,,,
household_type,3,reportyear,reportyear,str,,False,,,,,
household_type,4,race_eth_code,race_eth_code,int,,False,,,,,
household_type,5,race_eth_name,race_eth_name,str,,False,,,,,
household_type,6,geotype,geotype,str,,False,,,,,
household_type,7,geotypevalue,geotypevalue,int,,False,,,,,
household_type,8,geoname,geoname,str,,False,,,,,
household_type,9,county_name,county_name,str,,False,,,,,
household_type,10,county_fips,county_fips,int,,False,,,,,
household_type,11,region_name,region_name,str,,False,,,,,
household_type,12,region_code,region_code,int,,False,,,,,
household_type,13,strata_name_code,strata_name_code,int,,False,,,,,
household_type,14,strata_name,strata_name,str,,False,,,,,
household_type,15,strata_level_name_code,strata_level_name_code,int,,False,,,,,
household_type,16,strata_level_name,strata_level_name,str,,False,,,,,
household_type,17,households,households,int,,False,,,,,
household_type,18,total_households,total_households,int,,False,,,,,
household_type,19,households_percent,households_percent,float,,False,,,,,
household_type,20,ll95ci_percent,ll95ci_percent,float,,False,,,,,
household_type,21,ul95ci_percent,ul95ci_percent,float,,False,,,,,
household_type,22,percent_se,percent_se,float,,False,,,,,
household_type,23,percent_rse,percent_rse,float,,False,,,,,
household_type,24,ca_decile,ca_decile,int,,False,,,,,
household_type,25,ca_rr,ca_rr,float,,False,,,,,
household_type,26,version,version,float,,False,,,,,
alcohol_outlets_an,1,ind_id,ind_id,int,,False,,,,,
alcohol_outlets_an,2,ind_definition,ind_definition,str,,False,,,,,
alcohol_outlets_an,3,reportyear,reportyear,int,,False,,,,,
alcohol_outlets_an,4,race_eth_code,race_eth_code,int,,False,,,,,
alcohol_outlets_an,5,race_eth_name,race_eth_name,str,,False,,,,,
alcohol_outlets_an,6,geotype,geotype,str,,False,,,,,
alcohol_outlets_an,7,geotypevalue,geotypevalue,int,,False,,,,,
alcohol_outlets_an,8,geoname,geoname,str,,False,,,,,
alcohol_outlets_an,9,county_fips,county_fips,int,,False,,,,,
alcohol_outlets_an,10,county_name,county_name,str,,False,,,,,
alcohol_outlets_an,11,region_code,region_code,int,,False,,,,,
alcohol_outlets_an,12,region_name,region_name,str,,False,,,,,
alcohol_outlets_an,13,license_type,license_type,str,,False,,,,,
alcohol_outlets_an,14,numerator,numerator,int,,False,,,,,
alcohol_outlets_an,15,denominator,denominator,int,,False,,,,,
alcohol_outlets_an,16,percent,percent,float,,False,,,,,
alcohol_outlets_an,17,ll_95ci,ll_95ci,float,,False,,,,,
alcohol_outlets_an,18,ul_95ci,ul_95ci,float,,False,,,,,
alcohol_outlets_an,19,se,se,float,,False,,,,,
alcohol_outlets_an,20,rse,rse,float,,False,,,,,
alcohol_outlets_an,21,ca_decile,ca_decile,unknown,,False,,,,,
alcohol_outlets_an,22,ca_rr,ca_rr,float,,False,,,,,
alcohol_outlets_an,23,version,version,float,,False,,,,,
household_type_tracts,1,ind_id,ind_id,int,,False,,,,,
household_type_tracts,2,ind_definition,ind_definition,str,,False,,,,,
household_type_tracts,3,reportyear,reportyear,str,,False,,,,,
household_type_tracts,4,race_eth_code,race_eth_code,int,,False,,,,,
household_type_tracts,5,race_eth_name,race_eth_name,str,,False,,,,,
household_type_tracts,6,geotype,geotype,str,,False,,,,,
household_type_tracts,7,geotypevalue,geotypevalue,int,,False,,,,,
household_type_tracts,8,geoname,geoname,int,,False,,,,,
household_type_tracts,9,county_name,county_name,str,,False,,,,,
household_type_tracts,10,county_fips,county_fips,int,,False,,,,,
household_type_tracts,11,region_name,region_name,unknown,,False,,,,,
household_type_tracts,12,region_code,region_code,unknown,,False,,,,,
household_type_tracts,13,strata_name_code,strata_name_code,int,,False,,,,,
household_type_tracts,14,strata_name,strata_name,str,,False,,,,,
household_type_tracts,15,strata_level_name_code,strata_level_name_code,int,,False,,,,,
household_type_tracts,16,strata_level_name,strata_level_name,str,,False,,,,,
household_type_tracts,17,households,households,int,,False,,,,,
household_type_tracts,18,total_households,total_households,int,,False,,,,,
household_type_tracts,19,households_percent,households_percent,float,,False,,,,,
household_type_tracts,20,ll95ci_percent,ll95ci_percent,float,,False,,,,,
household_type_tracts,21,ul95ci_percent,ul95ci_percent,float,,False,,,,,
household_type_tracts,22,percent_se,percent_se,float,,False,,,,,
household_type_tracts,23,percent_rse,percent_rse,float,,False,,,,,
household_type_tracts,24,ca_decile,ca_decile,unknown,,False,,,,,
household_type_tracts,25,ca_rr,ca_rr,float,,False,,,,,
household_type_tracts,26,version,version,float,,False,,,,,
traffic_fatalities_oy,1,ind_id,ind_id,int,,False,,,,,
traffic_fatalities_oy,2,ind_definition,ind_definition,str,,False,,,,,
traffic_fatalities_oy,3,reportyear,reportyear,str,,False,,,,,
traffic_fatalities_oy,4,geotype,geotype,str,,False,,,,,
traffic_fatalities_oy,5,geotypevalue,geotypevalue,int,,False,,,,,
traffic_fatalities_oy,6,geoname,geoname,str,,False,,,,,
traffic_fatalities_oy,7,county_name,county_name,str,,False,,,,,
traffic_fatalities_oy,8,county_fips,county_fips,int,,False,,,,,
traffic_fatalities_oy,9,region_name,region_name,str,,False,,,,,
traffic_fatalities_oy,10,region_code,region_code,int,,False,,,,,
traffic_fatalities_oy,11,mode,mode,str,,False,,,,,
traffic_fatalities_oy,12,severity,severity,str,,False,,,,,
traffic_fatalities_oy,13,injuries,injuries,float,,False,,,,,
traffic_fatalities_oy,14,totalpop,totalpop,float,,False,,,,,
traffic_fatalities_oy,15,poprate,poprate,float,,False,,,,,
traffic_fatalities_oy,16,ll95ci_poprate,ll95ci_poprate,float,,False,,,,,
traffic_fatalities_oy,17,ul95ci_poprate,ul95ci_poprate,float,,False,,,,,
traffic_fatalities_oy,18,poprate_se,poprate_se,float,,False,,,,,
traffic_fatalities_oy,19,poprate_rse,poprate_rse,float,,False,,,,,
traffic_fatalities_oy,20,ca_decile_pop,ca_decile_pop,unknown,,False,,,,,
traffic_fatalities_oy,21,ca_rr_poprate,ca_rr_poprate,float,,False,,,,,
traffic_fatalities_oy,22,avmttotal,avmttotal,float,,False,,,,,
traffic_fatalities_oy,23,avmtrate,avmtrate,float,,False,,,,,
traffic_fatalities_oy,24,ll95ci_avmtrate,ll95ci_avmtrate,float,,False,,,,,
traffic_fatalities_oy,25,ul95ci_avmtrate,ul95ci_avmtrate,float,,False,,,,,
traffic_fatalities_oy,26,avmtrate_se,avmtrate_se,float,,False,,,,,
traffic_fatalities_oy,27,avmtrate_rse,avmtrate_rse,float,,False,,,,,
traffic_fatalities_oy,28,ca_decile_avmt,ca_decile_avmt,unknown,,False,,,,,
traffic_fatalities_oy,29,ca_rr_avmtrate,ca_rr_avmtrate,float,,False,,,,,
traffic_fatalities_oy,30,groupquarters,groupquarters,float,,False,,,,,
traffic_fatalities_oy,31,version,version,float,,False,,,,,
household_crowding,1,ind_id,ind_id,int,,False,,,,,
household_crowding,2,ind_definition,ind_definition,str,,False,,,,,
household_crowding,3,reportyear,reportyear,str,,False,,,,,
household_crowding,4,race_eth_code,race_eth_code,int,,False,,,,,
household_crowding,5,race_eth_name,race_eth_name,str,,False,,,,,
household_crowding,6,income_level,income_level,str,,False,,,,,
household_crowding,7,tenure,tenure,str,,False,,,,,
household_crowding,8,crowding_cat,crowding_cat,str,,False,,,,,
household_crowding,9,geotype,geotype,str,,False,,,,,
household_crowding,10,geotypevalue,geotypevalue,int,,False,,,,,
household_crowding,11,geoname,geoname,str,,False,,,,,
household_crowding,12,county_name,county_name,str,,False,,,,,
household_crowding,13,county_fips,county_fips,int,,False,,,,,
household_crowding,14,region_name,region_name,str,,False,,,,,
household_crowding,15,region_code,region_code,int,,False,,,,,
household_crowding,16,total_hshlds,total_hshlds,int,,False,,,,,
household_crowding,17,crowded_hshlds,crowded_hshlds,int,,False,,,,,
household_crowding,18,percent,percent,float,,False,,,,,
household_crowding,19,ll95ci,ll95ci,float,,False,,,,,
household_crowding,20,ul95ci,ul95ci,float,,False,,,,,
household_crowding,21,se,se,float,,False,,,,,
household_crowding,22,rse,rse,float,,False,,,,,
household_crowding,23,ca_decile,ca_decile,int,,False,,,,,
household_crowding,24,ca_rr,ca_rr,float,,False,,,,,
household_crowding,25,version,version,float,,False,,,,,
healthy_food,1,ind_id,ind_id,int,,False,,,,,
healthy_food,2,ind_definition,ind_definition,str,,False,,,,,
healthy_food,3,reportyear,reportyear,int,,False,,,,,
healthy_food,4,race_eth_name,race_eth_name,str,,False,,,,,
healthy_food,5,race_eth_code,race_eth_code,int,,False,,,,,
healthy_food,6,geotype,geotype,str,,False,,,,,
healthy_food,7,geotypevalue,geotypevalue,int,,False,,,,,
healthy_food,8,geoname,geoname,str,,False,,,,,
healthy_food,9,county_name,county_name,str,,False,,,,,
healthy_food,10,county_fips,county_fips,int,,False,,,,,
healthy_food,11,region_name,region_name,str,,False,,,,,
healthy_food,12,region_code,region_code,int,,False,,,,,
healthy_food,13,mrfei,mrfei,float,,False,,,,,
healthy_food,14,ll95ci,ll95ci,str,,False,,,,,
healthy_food,15,ul95ci,ul95ci,str,,False,,,,,
healthy_food,16,se,se,str,,False,,,,,
healthy_food,17,rse,rse,str,,False,,,,,
healthy_food,18,ca_decile,ca_decile,int,,False,,,,,
healthy_food,19,ca_rr,ca_rr,float,,False,,,,,
healthy_food,20,pop00,pop00,int,,False,,,,,
healthy_food,21,version,version,float,,False,,,,,
income_inequality,1,ind_id,ind_id,int,,False,,,,,
income_inequality,2,ind_definition,ind_definition,str,,False,,,,,
income_inequality,3,reportyear,reportyear,str,,False,,,,,
income_inequality,4,race_eth_code,race_eth_code,int,,False,,,,,
income_inequality,5,race_eth_name,race_eth_name,str,,False,,,,,
income_inequality,6,geotype,geotype,str,,False,,,,,
income_inequality,7,geotypevalue,geotypevalue,int,,False,,,,,
income_inequality,8,geoname,geoname,str,,False,,,,,
income_inequality,9,county_name,county_name,str,,False,,,,,
income_inequality,10,county_fips,county_fips,int,,False,,,,,
income_inequality,11,region_name,region_name,str,,False,,,,,
income_inequality,12,region_code,region_code,int,,False,,,,,
income_inequality,13,numerator,numerator,unknown,,False,,,,,
income_inequality,14,households,households,int,,False,,,,,
income_inequality,15,gini_index,gini_index,float,,False,,,,,
income_inequality,16,ll_95ci,ll_95ci,float,,False,,,,,
income_inequality,17,ul_95ci,ul_95ci,float,,False,,,,,
income_inequality,18,se,se,float,,False,,,,,
income_inequality,19,rse,rse,float,,False,,,,,
income_inequality,20,ca_decile,ca_decile,int,,False,,,,,
income_inequality,21,ca_rr,ca_rr,float,,False,,,,,
income_inequality,22,median_hh_income,median_hh_income,int,,False,,,,,
income_inequality,23,median_hh_decile,median_hh_decile,int,,False,,,,,
income_inequality,24,version,version,float,,False,,,,,
housing_cost_ty,1,ind_id,ind_id,int,,False,,,,,
housing_cost_ty,2,ind_definition,ind_definition,str,,False,,,,,
housing_cost_ty,3,datasource,datasource,str,,False,,,,,
housing_cost_ty,4,reportyear,reportyear,str,,False,,,,,
housing_cost_ty,5,burden,burden,str,,False,,,,,
housing_cost_ty,6,tenure,tenure,str,,False,,,,,
housing_cost_ty,7,race_eth_code,race_eth_code,int,,False,,,,,
housing_cost_ty,8,race_eth_name,race_eth_name,str,,False,,,,,
housing_cost_ty,9,income_level,income_level,str,,False,,,,,
housing_cost_ty,10,geotype,geotype,str,,False,,,,,
housing_cost_ty,11,geotypevalue,geotypevalue,int,,False,,,,,
housing_cost_ty,12,geoname,geoname,str,,False,,,,,
housing_cost_ty,13,county_name,county_name,str,,False,,,,,
housing_cost_ty,14,county_fips,county_fips,int,,False,,,,,
housing_cost_ty,15,region_name,region_name,str,,False,,,,,
housing_cost_ty,16,region_code,region_code,int,,False,,,,,
housing_cost_ty,17,total_households,total_households,int,,False,,,,,
housing_cost_ty,18,burdened_households,burdened_households,int,,False,,,,,
housing_cost_ty,19,percent,percent,float,,False,,,,,
housing_cost_ty,20,ll95ci,ll95ci,float,,False,,,,,
housing_cost_ty,21,ul95ci,ul95ci,float,,False,,,,,
housing_cost_ty,22,se,se,float,,False,,,,,
housing_cost_ty,23,rse,rse,float,,False,,,,,
housing_cost_ty,24,ca_decile,ca_decile,int,,False,,,,,
housing_cost_ty,25,ca_rr,ca_rr,float,,False,,,,,
housing_cost_ty,26,version,version,float,,False,,,,,
violent_crime,1,ind_id,ind_id,int,,False,,,,,
violent_crime,2,ind_definition,ind_definition,str,,False,,,,,
violent_crime,3,reportyear,reportyear,int,,False,,,,,
violent_crime,4,race_eth_code,race_eth_code,int,,False,,,,,
violent_crime,5,race_eth_name,race_eth_name,str,,False,,,,,
violent_crime,6,geotype,geotype,str,,False,,,,,
violent_crime,7,geotypevalue,geotypevalue,int,,False,,,,,
violent_crime,8,geoname,geoname,str,,False,,,,,
violent_crime,9,county_name,county_name,str,,False,,,,,
violent_crime,10,county_fips,county_fips,int,,False,,,,,
violent_crime,11,region_name,region_name,str,,False,,,,,
violent_crime,12,region_code,region_code,int,,False,,,,,
violent_crime,13,numerator,numerator,int,,False,,,,,
violent_crime,14,denominator,denominator,int,,False,,,,,
violent_crime,15,ratex1000,ratex1000,float,,False,,,,,
violent_crime,16,ll_95ci,ll_95ci,float,,False,,,,,
violent_crime,17,ul_95ci,ul_95ci,float,,False,,,,,
violent_crime,18,se,se,float,,False,,,,,
violent_crime,19,rse,rse,float,,False,,,,,
violent_crime,20,ca_decile,ca_decile,int,,False,,,,,
violent_crime,21,rr_city2state,rr_city2state,float,,False,,,,,
violent_crime,22,version,version,str,,False,,,,,
jobs_employed_ratio,1,ind_id,ind_id,int,,False,,,,,
jobs_employed_ratio,2,ind_definition,ind_definition,str,,False,,,,,
jobs_employed_ratio,3,reportyear,reportyear,int,,False,,,,,
jobs_employed_ratio,4,race_eth_code,race_eth_code,int,,False,,,,,
jobs_employed_ratio,5,race_eth_name,race_eth_name,str,,False,,,,,
jobs_employed_ratio,6,geotype,geotype,str,,False,,,,,
jobs_employed_ratio,7,geotypevalue,geotypevalue,int,,False,,,,,
jobs_employed_ratio,8,geoname,geoname,str,,False,,,,,
jobs_employed_ratio,9,county_name,county_name,str,,False,,,,,
jobs_employed_ratio,10,county_fips,county_fips,int,,False,,,,,
jobs_employed_ratio,11,msa_name,msa_name,unknown,,False,,,,,
jobs_employed_ratio,12,msa_code,msa_code,unknown,,False,,,,,
jobs_employed_ratio,13,strata_name_code,strata_name_code,int,,False,,,,,
jobs_employed_ratio,14,strata_name,strata_name,str,,False,,,,,
jobs_employed_ratio,15,strata_level_name_code,strata_level_name_code,int,,False,,,,,
jobs_employed_ratio,16,strata_level_name,strata_level_name,str,,False,,,,,
jobs_employed_ratio,17,jobs,jobs,int,,False,,,,,
jobs_employed_ratio,18,employed_res,employed_res,int,,False,,,,,
jobs_employed_ratio,19,ratio,ratio,float,,False,,,,,
jobs_employed_ratio,20,ll_95ci,ll_95ci,str,,False,,,,,
jobs_employed_ratio,21,ul_95ci,ul_95ci,str,,False,,,,,
jobs_employed_ratio,22,ratio_se,ratio_se,str,,False,,,,,
jobs_employed_ratio,23,ratio_rse,ratio_rse,str,,False,,,,,
jobs_employed_ratio,24,ratio_decile,ratio_decile,unknown,,False,,,,,
jobs_employed_ratio,25,ms_rr,ms_rr,unknown,,False,,,,,
jobs_employed_ratio,26,version,version,float,,False,,,,,
public_transit_sc,1,ind_id,ind_id,int,,False,,,,,
public_transit_sc,2,ind_definition,ind_definition,str,,False,,,,,
public_transit_sc,3,reportyear,reportyear,int,,False,,,,,
public_transit_sc,4,race_eth_code,race_eth_code,int,,False,,,,,
public_transit_sc,5,race_eth_name,race_eth_name,str,,False,,,,,
public_transit_sc,6,geotype,geotype,str,,False,,,,,
public_transit_sc,7,geotypevalue,geotypevalue,int,,False,,,,,
public_transit_sc,8,geoname,geoname,str,,False,,,,,
public_transit_sc,9,county_name,county_name,str,,False,,,,,
public_transit_sc,10,county_fips,county_fips,int,,False,,,,,
public_transit_sc,11,region_name,region_name,str,,False,,,,,
public_transit_sc,12,region_code,region_code,int,,False,,,,,
public_transit_sc,13,pop_trans_acc,pop_trans_acc,int,,False,,,,,
public_transit_sc,14,pop2010,pop2010,int,,False,,,,,
public_transit_sc,15,p_trans_acc,p_trans_acc,float,,False,,,,,
public_transit_sc,16,ll_95ci,ll_95ci,float,,False,,,,,
public_transit_sc,17,ul_95ci,ul_95ci,float,,False,,,,,
public_transit_sc,18,se,se,float,,False,,,,,
public_transit_sc,19,rse,rse,float,,False,,,,,
public_transit_sc,20,sc_decile,sc_decile,unknown,,False,,,,,
public_transit_sc,21,sc_rr,sc_rr,float,,False,,,,,
public_transit_sc,22,version,version,float,,False,,,,,
jobs_housing_ratio,1,ind_id,ind_id,int,,False,,,,,
jobs_housing_ratio,2,ind_definition,ind_definition,str,,False,,,,,
jobs_housing_ratio,3,reportyear,reportyear,str,,False,,,,,
jobs_housing_ratio,4,race_eth_code,race_eth_code,int,,False,,,,,
jobs_housing_ratio,5,race_eth_name,race_eth_name,str,,False,,,,,
jobs_housing_ratio,6,geotype,geotype,str,,False,,,,,
jobs_housing_ratio,7,geotypevalue,geotypevalue,int,,False,,,,,
jobs_housing_ratio,8,geoname,geoname,str,,False,,,,,
jobs_housing_ratio,9,county_name,county_name,str,,False,,,,,
jobs_housing_ratio,10,county_fips,county_fips,int,,False,,,,,
jobs_housing_ratio,11,msa_name,msa_name,str,,False,,,,,
jobs_housing_ratio,12,msa_code,msa_code,int,,False,,,,,
jobs_housing_ratio,13,strata_name_code,strata_name_code,int,,False,,,,,
jobs_housing_ratio,14,strata_name,strata_name,str,,False,,,,,
jobs_housing_ratio,15,strata_level_name_code,strata_level_name_code,int,,False,,,,,
jobs_housing_ratio,16,strata_level_name,strata_level_name,str,,False,,,,,
jobs_housing_ratio,17,jobs,jobs,int,,False,,,,,
jobs_housing_ratio,18,housing,housing,int,,False,,,,,
jobs_housing_ratio,19,ratio,ratio,float,,False,,,,,
jobs_housing_ratio,20,ll_95ci,ll_95ci,float,,False,,,,,
jobs_housing_ratio,21,ul_95ci,ul_95ci,float,,False,,,,,
jobs_housing_ratio,22,ratio_se,ratio_se,float,,False,,,,,
jobs_housing_ratio,23,ratio_rse,ratio_rse,float,,False,,,,,
jobs_housing_ratio,24,ratio_decile,ratio_decile,int,,False,,,,,
jobs_housing_ratio,25,ms_rr,ms_rr,float,,False,,,,,
jobs_housing_ratio,26,version,version,float,,False,,,,,
open_space,1,ind_id,ind_id,int,,False,,,,,
open_space,2,ind_definition,ind_definition,str,,False,,,,,
open_space,3,reportyear,reportyear,int,,False,,,,,
open_space,4,race_eth_code,race_eth_code,int,,False,,,,,
open_space,5,race_eth_name,race_eth_name,str,,False,,,,,
open_space,6,geotype,geotype,str,,False,,,,,
open_space,7,geotypevalue,geotypevalue,int,,False,,,,,
open_space,8,geoname,geoname,str,,False,,,,,
open_space,9,county_name,county_name,str,,False,,,,,
open_space,10,county_fips,county_fips,int,,False,,,,,
open_space,11,region_name,region_name,str,,False,,,,,
open_space,12,region_code,region_code,int,,False,,,,,
open_space,13,pop_park_acc,pop_park_acc,int,,False,,,,,
open_space,14,pop2010,pop2010,int,,False,,,,,
open_space,15,p_parkacc,p_parkacc,float,,False,,,,,
open_space,16,ll_95ci,ll_95ci,float,,False,,,,,
open_space,17,ul_95ci,ul_95ci,float,,False,,,,,
open_space,18,se,se,float,,False,,,,,
open_space,19,rse,rse,float,,False,,,,,
open_space,20,ca_decile,ca_decile,unknown,,False,,,,,
open_space,21,ca_rr,ca_rr,float,,False,,,,,
open_space,22,version,version,float,,False,,,,,
unsafe_water,1,ind_id,ind_id,int,,False,,,,,
unsafe_water,2,ind_definition,ind_definition,str,,False,,,,,
unsafe_water,3,reportyear,reportyear,str,,False,,,,,
unsafe_water,4,race_eth_code,race_eth_code,int,,False,,,,,
unsafe_water,5,race_eth_name,race_eth_name,str,,False,,,,,
unsafe_water,6,geotype,geotype,str,,False,,,,,
unsafe_water,7,geotypevalue,geotypevalue,int,,False,,,,,
unsafe_water,8,geoname,geoname,str,,False,,,,,
unsafe_water,9,county_fips,county_fips,int,,False,,,,,
unsafe_water,10,county_name,county_name,str,,False,,,,,
unsafe_water,11,region_code,region_code,int,,False,,,,,
unsafe_water,12,region_name,region_name,str,,False,,,,,
unsafe_water,13,category,category,str,,False,,,,,
unsafe_water,14,numerator,numerator,int,,False,,,,,
unsafe_water,15,denominator,denominator,int,,False,,,,,
unsafe_water,16,percent,percent,float,,False,,,,,
unsafe_water,17,ll_95ci,ll_95ci,float,,False,,,,,
unsafe_water,18,ul_95ci,ul_95ci,float,,False,,,,,
unsafe_water,19,se,se,float,,False,,,,,
unsafe_water,20,rse,rse,float,,False,,,,,
unsafe_water,21,ca_decile,ca_decile,unknown,,False,,,,,
unsafe_water,22,ca_rr,ca_rr,float,,False,,,,,
unsafe_water,23,tot_pop,tot_pop,int,,False,,,,,
unsafe_water,24,coverage,coverage,float,,False,,,,,
unsafe_water,25,version,version,float,,False,,,,,
daycare,1,ind_id,ind_id,int,,False,,,,,ind_id
daycare,2,ind_definition,ind_definition,str,,False,,,,,ind_definition
daycare,3,reportyear,reportyear,int,,False,,,,,reportyear
daycare,4,race_eth_code,race_eth_code,int,,False,,,,,race_eth_code
daycare,5,race_eth_name,race_eth_name,str,,False,,,,,race_eth_name
daycare,6,geotype,geotype,str,,False,,,,,geotype
daycare,7,geotypevalue,geotypevalue,int,,False,,,,,geotypevalue
daycare,8,geoname,geoname,str,,False,,,,,geoname
daycare,9,county_fips,county_fips,int,,False,,,,,county_fips
daycare,10,county_name,county_name,str,,False,,,,,county_name
daycare,11,region_name,region_name,str,,False,,,,,region_name
daycare,12,region_code,region_code,int,,False,,,,,region_code
daycare,13,strata_name_code,strata_name_code,int,,False,,,,,strata_name_code
daycare,14,strata_name,strata_name,str,,False,,,,,strata_name
daycare,15,strata_level_name_code,strata_level_name_code,int,,False,,,,,strata_level_name_code
daycare,16,strata_level_name,strata_level_name,str,,False,,,,,strata_level_name
daycare,17,facility_capacity,facility_capacity,int,,False,,,,,facility_capacity
daycare,18,total_pop,total_pop,int,,False,,,,,total_pop
daycare,19,rate_slots,rate_slots,float,,False,,,,,rate_slots
daycare,20,ll_95ci,ll_95ci,float,,False,,,,,ll_95ci
daycare,21,ul_95ci,ul_95ci,float,,False,,,,,ul_95ci
daycare,22,se,se,float,,False,,,,,se
daycare,23,rse,rse,float,,False,,,,,rse
daycare,24,ca_decile,ca_decile,int,,False,,,,,ca_decile
daycare,25,ca_rr,ca_rr,float,,False,,,,,ca_rr
daycare,26,no_facility,no_facility,int,,False,,,,,no_facility
daycare,27,pct_nonwhite,pct_nonwhite,float,,False,,,,,pct_nonwhite
daycare,28,version,version,float,,False,,,,,version
housing_cost_os,1,ind_id,ind_id,int,,False,,,,,
housing_cost_os,2,ind_definition,ind_definition,str,,False,,,,,
housing_cost_os,3,datasource,datasource,str,,False,,,,,
housing_cost_os,4,reportyear,reportyear,str,,False,,,,,
housing_cost_os,5,burden,burden,str,,False,,,,,
housing_cost_os,6,tenure,tenure,str,,False,,,,,
housing_cost_os,7,race_eth_code,race_eth_code,int,,False,,,,,
housing_cost_os,8,race_eth_name,race_eth_name,str,,False,,,,,
housing_cost_os,9,income_level,income_level,str,,False,,,,,
housing_cost_os,10,geotype,geotype,str,,False,,,,,
housing_cost_os,11,geotypevalue,geotypevalue,int,,False,,,,,
housing_cost_os,12,geoname,geoname,str,,False,,,,,
housing_cost_os,13,county_name,county_name,str,,False,,,,,
housing_cost_os,14,county_fips,county_fips,int,,False,,,,,
housing_cost_os,15,region_name,region_name,str,,False,,,,,
housing_cost_os,16,region_code,region_code,int,,False,,,,,
housing_cost_os,17,total_households,total_households,int,,False,,,,,
housing_cost_os,18,burdened_households,burdened_households,int,,False,,,,,
housing_cost_os,19,percent,percent,float,,False,,,,,
housing_cost_os,20,ll95ci,ll95ci,float,,False,,,,,
housing_cost_os,21,ul95ci,ul95ci,float,,False,,,,,
housing_cost_os,22,se,se,float,,False,,,,,
housing_cost_os,23,rse,rse,float,,False,,,,,
housing_cost_os,24,ca_decile,ca_decile,unknown,,False,,,,,
housing_cost_os,25,ca_rr,ca_rr,float,,False,,,,,
housing_cost_os,26,version,version,float,,False,,,,,
traffic_fatalities_an,1,ind_id,ind_id,int,,False,,,,,
traffic_fatalities_an,2,ind_definition,ind_definition,str,,False,,,,,
traffic_fatalities_an,3,reportyear,reportyear,str,,False,,,,,
traffic_fatalities_an,4,geotype,geotype,str,,False,,,,,
traffic_fatalities_an,5,geotypevalue,geotypevalue,int,,False,,,,,
traffic_fatalities_an,6,geoname,geoname,str,,False,,,,,
traffic_fatalities_an,7,county_name,county_name,unknown,,False,,,,,
traffic_fatalities_an,8,county_fips,county_fips,unknown,,False,,,,,
traffic_fatalities_an,9,region_name,region_name,unknown,,False,,,,,
traffic_fatalities_an,10,region_code,region_code,unknown,,False,,,,,
traffic_fatalities_an,11,mode,mode,str,,False,,,,,
traffic_fatalities_an,12,severity,severity,str,,False,,,,,
traffic_fatalities_an,13,injuries,injuries,float,,False,,,,,
traffic_fatalities_an,14,totalpop,totalpop,float,,False,,,,,
traffic_fatalities_an,15,poprate,poprate,float,,False,,,,,
traffic_fatalities_an,16,ll95ci_poprate,ll95ci_poprate,float,,False,,,,,
traffic_fatalities_an,17,ul95ci_poprate,ul95ci_poprate,float,,False,,,,,
traffic_fatalities_an,18,poprate_se,poprate_se,float,,False,,,,,
traffic_fatalities_an,19,poprate_rse,poprate_rse,float,,False,,,,,
traffic_fatalities_an,20,ca_decile_pop,ca_decile_pop,unknown,,False,,,,,
traffic_fatalities_an,21,ca_rr_poprate,ca_rr_poprate,int,,False,,,,,
traffic_fatalities_an,22,avmttotal,avmttotal,float,,False,,,,,
traffic_fatalities_an,23,avmtrate,avmtrate,float,,False,,,,,
traffic_fatalities_an,24,ll95ci_avmtrate,ll95ci_avmtrate,float,,False,,,,,
traffic_fatalities_an,25,ul95ci_avmtrate,ul95ci_avmtrate,float,,False,,,,,
traffic_fatalities_an,26,avmtrate_se,avmtrate_se,float,,False,,,,,
traffic_fatalities_an,27,avmtrate_rse,avmtrate_rse,float,,False,,,,,
traffic_fatalities_an,28,ca_decile_avmt,ca_decile_avmt,unknown,,False,,,,,
traffic_fatalities_an,29,ca_rr_avmtrate,ca_rr_avmtrate,int,,False,,,,,
traffic_fatalities_an,30,groupquarters,groupquarters,float,,False,,,,,
traffic_fatalities_an,31,version,version,float,,False,,,,,
ozone,1,ind_id,ind_id,int,,False,,,,,
ozone,2,ind_definition,ind_definition,str,,False,,,,,
ozone,3,reportyear,reportyear,str,,False,,,,,
ozone,4,race_eth_code,race_eth_code,int,,False,,,,,
ozone,5,race_eth_name,race_eth_name,str,,False,,,,,
ozone,6,geotype,geotype,str,,False,,,,,
ozone,7,geotypevalue,geotypevalue,int,,False,,,,,
ozone,8,geoname,geoname,str,,False,,,,,
ozone,9,county_name,county_name,str,,False,,,,,
ozone,10,county_fips,county_fips,int,,False,,,,,
ozone,11,region_name,region_name,str,,False,,,,,
ozone,12,region_code,region_code,int,,False,,,,,
ozone,13,numerator,numerator,str,,False,,,,,
ozone,14,poppt,poppt,float,,False,,,,,
ozone,15,o3_unhealthy_days,o3_unhealthy_days,float,,False,,,,,
ozone,16,ll_95ci,ll_95ci,str,,False,,,,,
ozone,17,ul_95ci,ul_95ci,str,,False,,,,,
ozone,18,se,se,str,,False,,,,,
ozone,19,rse,rse,str,,False,,,,,
ozone,20,ozone_decile,ozone_decile,int,,False,,,,,
ozone,21,o3ratio_ca,o3ratio_ca,float,,False,,,,,
ozone,22,version,version,str,,False,,,,,
neighborhood_change_sy,1,ind_id,ind_id,int,,False,,,,,
neighborhood_change_sy,2,ind_definition,ind_definition,str,,False,,,,,
neighborhood_change_sy,3,reportyear,reportyear,str,,False,,,,,
neighborhood_change_sy,4,race_eth_code,race_eth_code,int,,False,,,,,
neighborhood_change_sy,5,race_eth_name,race_eth_name,str,,False,,,,,
neighborhood_change_sy,6,geotype,geotype,str,,False,,,,,
neighborhood_change_sy,7,geotypevalue,geotypevalue,int,,False,,,,,
neighborhood_change_sy,8,geoname,geoname,float,,False,,,,,
neighborhood_change_sy,9,county_name,county_name,str,,False,,,,,
neighborhood_change_sy,10,county_fips,county_fips,int,,False,,,,,
neighborhood_change_sy,11,region_name,region_name,str,,False,,,,,
neighborhood_change_sy,12,region_code,region_code,int,,False,,,,,
neighborhood_change_sy,13,strata_name_code,strata_name_code,int,,False,,,,,
neighborhood_change_sy,14,strata_name,strata_name,str,,False,,,,,
neighborhood_change_sy,15,strata_level_name_code,strata_level_name_code,int,,False,,,,,
neighborhood_change_sy,16,strata_level_name,strata_level_name,str,,False,,,,,
neighborhood_change_sy,17,numberhh00_10dol,numberhh00_10dol,int,,False,,,,,
neighborhood_change_sy,18,numberhh10_10dol,numberhh10_10dol,int,,False,,,,,
neighborhood_change_sy,19,difference,difference,int,,False,,,,,
neighborhood_change_sy,20,ll_95ci,ll_95ci,int,,False,,,,,
neighborhood_change_sy,21,ul_95ci,ul_95ci,int,,False,,,,,
neighborhood_change_sy,22,se,se,float,,False,,,,,
neighborhood_change_sy,23,rse,rse,int,,False,,,,,
neighborhood_change_sy,24,place_decile,place_decile,unknown,,False,,,,,
neighborhood_change_sy,25,ca_rr,ca_rr,str,,False,,,,,
neighborhood_change_sy,26,version,version,float,,False,,,,,
neighborhood_change_ls,1,ind_id,ind_id,int,,False,,,,,
neighborhood_change_ls,2,ind_definition,ind_definition,str,,False,,,,,
neighborhood_change_ls,3,reportyear,reportyear,str,,False,,,,,
neighborhood_change_ls,4,race_eth_code,race_eth_code,int,,False,,,,,
neighborhood_change_ls,5,race_eth_name,race_eth_name,str,,False,,,,,
neighborhood_change_ls,6,geotype,geotype,str,,False,,,,,
neighborhood_change_ls,7,geotypevalue,geotypevalue,int,,False,,,,,
neighborhood_change_ls,8,geoname,geoname,float,,False,,,,,
neighborhood_change_ls,9,county_name,county_name,str,,False,,,,,
neighborhood_change_ls,10,county_fips,county_fips,int,,False,,,,,
neighborhood_change_ls,11,region_name,region_name,str,,False,,,,,
neighborhood_change_ls,12,region_code,region_code,int,,False,,,,,
neighborhood_change_ls,13,strata_name_code,strata_name_code,int,,False,,,,,
neighborhood_change_ls,14,strata_name,strata_name,str,,False,,,,,
neighborhood_change_ls,15,strata_level_name_code,strata_level_name_code,int,,False,,,,,
neighborhood_change_ls,16,strata_level_name,strata_level_name,str,,False,,,,,
neighborhood_change_ls,17,numberhh00_10dol,numberhh00_10dol,int,,False,,,,,
neighborhood_change_ls,18,numberhh10_10dol,numberhh10_10dol,int,,False,,,,,
neighborhood_change_ls,19,difference,difference,int,,False,,,,,
neighborhood_change_ls,20,ll_95ci,ll_95ci,int,,False,,,,,
neighborhood_change_ls,21,ul_95ci,ul_95ci,int,,False,,,,,
neighborhood_change_ls,22,se,se,float,,False,,,,,
neighborhood_change_ls,23,rse,rse,int,,False,,,,,
neighborhood_change_ls,24,place_decile,place_decile,unknown,,False,,,,,
neighborhood_change_ls,25,ca_rr,ca_rr,str,,False,,,,,
neighborhood_change_ls,26,version,version,float,,False,,,,,
poverty_rate,1,ind_id,ind_id,int,,False,,,,,
poverty_rate,2,ind_definition,ind_definition,str,,False,,,,,
poverty_rate,3,reportyear,reportyear,str,,False,,,,,
poverty_rate,4,race_eth_code,race_eth_code,int,,False,,,,,
poverty_rate,5,race_eth_name,race_eth_name,str,,False,,,,,
poverty_rate,6,geotype,geotype,str,,False,,,,,
poverty_rate,7,geotypevalue,geotypevalue,int,,False,,,,,
poverty_rate,8,geoname,geoname,str,,False,,,,,
poverty_rate,9,county_name,county_name,str,,False,,,,,
poverty_rate,10,county_fips,county_fips,int,,False,,,,,
poverty_rate,11,region_name,region_name,str,,False,,,,,
poverty_rate,12,region_code,region_code,int,,False,,,,,
poverty_rate,13,poverty,poverty,str,,False,,,,,
poverty_rate,14,totalpop,totalpop,float,,False,,,,,
poverty_rate,15,numpov,numpov,float,,False,,,,,
poverty_rate,16,percent,percent,float,,False,,,,,
poverty_rate,17,ll_95ci_percent,ll_95ci_percent,float,,False,,,,,
poverty_rate,18,ul_95ci_percent,ul_95ci_percent,float,,False,,,,,
poverty_rate,19,percent_se,percent_se,float,,False,,,,,
poverty_rate,20,percent_rse,percent_rse,float,,False,,,,,
poverty_rate,21,place_decile,place_decile,unknown,,False,,,,,
poverty_rate,22,ca_rr,ca_rr,float,,False,,,,,
poverty_rate,23,concentratedct,concentratedct,unknown,,False,,,,,
poverty_rate,24,version,version,float,,False,,,,,
food_affordability,1,ind_id,ind_id,int,,False,,,,,
food_affordability,2,ind_definition,ind_definition,str,,False,,,,,
food_affordability,3,reportyear,reportyear,str,,False,,,,,
food_affordability,4,race_eth_code,race_eth_code,int,,False,,,,,
food_affordability,5,race_eth_name,race_eth_name,str,,False,,,,,
food_affordability,6,geotype,geotype,str,,False,,,,,
food_affordability,7,geotypevalue,geotypevalue,int,,False,,,,,
food_affordability,8,geoname,geoname,str,,False,,,,,
food_affordability,9,county_name,county_name,str,,False,,,,,
food_affordability,10,county_fips,county_fips,int,,False,,,,,
food_affordability,11,region_name,region_name,str,,False,,,,,
food_affordability,12,region_code,region_code,int,,False,,,,,
food_affordability,13,cost_yr,cost_yr,float,,False,,,,,
food_affordability,14,median_income,median_income,float,,False,,,,,
food_affordability,15,affordability_ratio,affordability_ratio,float,,False,,,,,
food_affordability,16,ll95_affordability_ratio,ll95_affordability_ratio,float,,False,,,,,
food_affordability,17,ul95_affordability_ratio,ul95_affordability_ratio,float,,False,,,,,
food_affordability,18,se_food_afford,se_food_afford,float,,False,,,,,
food_affordability,19,rse_food_afford,rse_food_afford,float,,False,,,,,
food_affordability,20,food_afford_decile,food_afford_decile,int,,False,,,,,
food_affordability,21,ca_rr_affordability,ca_rr_affordability,float,,False,,,,,
food_affordability,22,ave_fam_size,ave_fam_size,float,,False,,,,,
food_affordability,23,version,version,float,,False,,,,,
public_transit_sd,1,ind_id,ind_id,int,,False,,,,,
public_transit_sd,2,ind_definition,ind_definition,str,,False,,,,,
public_transit_sd,3,reportyear,reportyear,int,,False,,,,,
public_transit_sd,4,race_eth_code,race_eth_code,int,,False,,,,,
public_transit_sd,5,race_eth_name,race_eth_name,str,,False,,,,,
public_transit_sd,6,geotype,geotype,str,,False,,,,,
public_transit_sd,7,geotypevalue,geotypevalue,int,,False,,,,,
public_transit_sd,8,geoname,geoname,str,,False,,,,,
public_transit_sd,9,county_name,county_name,str,,False,,,,,
public_transit_sd,10,county_fips,county_fips,int,,False,,,,,
public_transit_sd,11,region_name,region_name,str,,False,,,,,
public_transit_sd,12,region_code,region_code,int,,False,,,,,
public_transit_sd,13,pop_trans_acc,pop_trans_acc,int,,False,,,,,
public_transit_sd,14,pop2010,pop2010,int,,False,,,,,
public_transit_sd,15,p_trans_acc,p_trans_acc,float,,False,,,,,
public_transit_sd,16,ll_95ci,ll_95ci,float,,False,,,,,
public_transit_sd,17,ul_95ci,ul_95ci,float,,False,,,,,
public_transit_sd,18,se,se,float,,False,,,,,
public_transit_sd,19,rse,rse,float,,False,,,,,
public_transit_sd,20,sd_decile,sd_decile,unknown,,False,,,,,
public_transit_sd,21,sd_rr,sd_rr,float,,False,,,,,
public_transit_sd,22,version,version,float,,False,,,,,
public_transit_sac,1,ind_id,ind_id,int,,False,,,,,
public_transit_sac,2,ind_definition,ind_definition,str,,False,,,,,
public_transit_sac,3,reportyear,reportyear,int,,False,,,,,
public_transit_sac,4,race_eth_code,race_eth_code,int,,False,,,,,
public_transit_sac,5,race_eth_name,race_eth_name,str,,False,,,,,
public_transit_sac,6,geotype,geotype,str,,False,,,,,
public_transit_sac,7,geotypevalue,geotypevalue,int,,False,,,,,
public_transit_sac,8,geoname,geoname,str,,False,,,,,
public_transit_sac,9,county_name,county_name,str,,False,,,,,
public_transit_sac,10,county_fips,county_fips,int,,False,,,,,
public_transit_sac,11,region_name,region_name,str,,False,,,,,
public_transit_sac,12,region_code,region_code,int,,False,,,,,
public_transit_sac,13,pop_trans_acc,pop_trans_acc,int,,False,,,,,
public_transit_sac,14,pop2010,pop2010,int,,False,,,,,
public_transit_sac,15,p_trans_acc,p_trans_acc,float,,False,,,,,
public_transit_sac,16,ll_95ci,ll_95ci,float,,False,,,,,
public_transit_sac,17,ul_95ci,ul_95ci,float,,False,,,,,
public_transit_sac,18,se,se,float,,False,,,,,
public_transit_sac,19,rse,rse,float,,False,,,,,
public_transit_sac,20,sac_decile,sac_decile,unknown,,False,,,,,
public_transit_sac,21,sac_rr,sac_rr,float,,False,,,,,
public_transit_sac,22,version,version,float,,False,,,,,
air_quality,1,ind_id,ind_id,int,,False,,,,,
air_quality,2,ind_definition,ind_definition,str,,False,,,,,
air_quality,3,reportyear,reportyear,str,,False,,,,,
air_quality,4,race_eth_code,race_eth_code,int,,False,,,,,
air_quality,5,race_eth_name,race_eth_name,str,,False,,,,,
air_quality,6,geotype,geotype,str,,False,,,,,
air_quality,7,geotypevalue,geotypevalue,int,,False,,,,,
air_quality,8,geoname,geoname,str,,False,,,,,
air_quality,9,county_name,county_name,str,,False,,,,,
air_quality,10,county_fips,county_fips,int,,False,,,,,
air_quality,11,region_name,region_name,str,,False,,,,,
air_quality,12,region_code,region_code,int,,False,,,,,
air_quality,13,numerator,numerator,str,,False,,,,,
air_quality,14,poppt,poppt,float,,False,,,,,
air_quality,15,pm25_concentration,pm25_concentration,float,,False,,,,,
air_quality,16,ll_95ci,ll_95ci,str,,False,,,,,
air_quality,17,ul_95ci,ul_95ci,str,,False,,,,,
air_quality,18,se,se,str,,False,,,,,
air_quality,19,rse,rse,str,,False,,,,,
air_quality,20,pm25_decile,pm25_decile,int,,False,,,,,
air_quality,21,pm25ratio_ca,pm25ratio_ca,float,,False,,,,,
air_quality,22,version,version,str,,False,,,,,
unemployment,1,ind_id,ind_id,int,,False,,,,,
unemployment,2,ind_definition,ind_definition,str,,False,,,,,
unemployment,3,reportyear,reportyear,str,,False,,,,,
unemployment,4,race_eth_code,race_eth_code,int,,False,,,,,
unemployment,5,race_eth_name,race_eth_name,str,,False,,,,,
unemployment,6,geotype,geotype,str,,False,,,,,
unemployment,7,geotypevalue,geotypevalue,int,,False,,,,,
unemployment,8,geoname,geoname,str,,False,,,,,
unemployment,9,county_fips,county_fips,int,,False,,,,,
unemployment,10,county_name,county_name,str,,False,,,,,
unemployment,11,region_code,region_code,int,,False,,,,,
unemployment,12,region_name,region_name,str,,False,,,,,
unemployment,13,unemployment,unemployment,int,,False,,,,,
unemployment,14,labor_force,labor_force,int,,False,,,,,
unemployment,15,unemployment_rate,unemployment_rate,float,,False,,,,,
unemployment,16,ll_95ci,ll_95ci,float,,False,,,,,
unemployment,17,ul_95ci,ul_95ci,float,,False,,,,,
unemployment,18,se,se,float,,False,,,,,
unemployment,19,rse,rse,float,,False,,,,,
unemployment,20,place_decile,place_decile,unknown,,False,,,,,
unemployment,21,ca_rr,ca_rr,float,,False,,,,,
unemployment,22,version,version,float,,False,,,,,
neighborhood_change_al,1,ind_id,ind_id,int,,False,,,,,
neighborhood_change_al,2,ind_definition,ind_definition,str,,False,,,,,
neighborhood_change_al,3,reportyear,reportyear,str,,False,,,,,
neighborhood_change_al,4,race_eth_code,race_eth_code,int,,False,,,,,
neighborhood_change_al,5,race_eth_name,race_eth_name,str,,False,,,,,
neighborhood_change_al,6,geotype,geotype,str,,False,,,,,
neighborhood_change_al,7,geotypevalue,geotypevalue,int,,False,,,,,
neighborhood_change_al,8,geoname,geoname,str,,False,,,,,
neighborhood_change_al,9,county_name,county_name,str,,False,,,,,
neighborhood_change_al,10,county_fips,county_fips,int,,False,,,,,
neighborhood_change_al,11,region_name,region_name,str,,False,,,,,
neighborhood_change_al,12,region_code,region_code,int,,False,,,,,
neighborhood_change_al,13,strata_name_code,strata_name_code,int,,False,,,,,
neighborhood_change_al,14,strata_name,strata_name,str,,False,,,,,
neighborhood_change_al,15,strata_level_name_code,strata_level_name_code,int,,False,,,,,
neighborhood_change_al,16,strata_level_name,strata_level_name,str,,False,,,,,
neighborhood_change_al,17,numberhh00_10dol,numberhh00_10dol,int,,False,,,,,
neighborhood_change_al,18,numberhh10_10dol,numberhh10_10dol,int,,False,,,,,
neighborhood_change_al,19,difference,difference,int,,False,,,,,
neighborhood_change_al,20,ll_95ci,ll_95ci,int,,False,,,,,
neighborhood_change_al,21,ul_95ci,ul_95ci,int,,False,,,,,
neighborhood_change_al,22,se,se,float,,False,,,,,
neighborhood_change_al,23,rse,rse,int,,False,,,,,
neighborhood_change_al,24,place_decile,place_decile,unknown,,False,,,,,
neighborhood_change_al,25,ca_rr,ca_rr,str,,False,,,,,
neighborhood_change_al,26,version,version,float,,False,,,,,
walk_bicycyle,1,ind_id,ind_id,int,,False,,,,,
walk_bicycyle,2,ind_definition,ind_definition,str,,False,,,,,
walk_bicycyle,3,reportyear,reportyear,str,,False,,,,,
walk_bicycyle,4,race_eth_code,race_eth_code,int,,False,,,,,
walk_bicycyle,5,race_eth_name,race_eth_name,str,,False,,,,,
walk_bicycyle,6,geotype,geotype,str,,False,,,,,
walk_bicycyle,7,geotypevalue,geotypevalue,int,,False,,,,,
walk_bicycyle,8,geoname,geoname,str,,False,,,,,
walk_bicycyle,9,county_name,county_name,str,,False,,,,,
walk_bicycyle,10,county_fips,county_fips,int,,False,,,,,
walk_bicycyle,11,region_name,region_name,str,,False,,,,,
walk_bicycyle,12,region_code,region_code,int,,False,,,,,
walk_bicycyle,13,modetwk,modetwk,str,,False,,,,,
walk_bicycyle,14,n_total,n_total,float,,False,,,,,
walk_bicycyle,15,n_time_mode,n_time_mode,float,,False,,,,,
walk_bicycyle,16,percent,percent,float,,False,,,,,
walk_bicycyle,17,ll95ci_percent,ll95ci_percent,float,,False,,,,,
walk_bicycyle,18,ul95ci_percent,ul95ci_percent,float,,False,,,,,
walk_bicycyle,19,percent_se,percent_se,float,,False,,,,,
walk_bicycyle,20,percent_rse,percent_rse,float,,False,,,,,
walk_bicycyle,21,ca_decile,ca_decile,unknown,,False,,,,,
walk_bicycyle,22,ca_rr,ca_rr,float,,False,,,,,
walk_bicycyle,23,version,version,float,,False,,,,,
abuse_neglect,1,ind_id,ind_id,int,,False,,,,,
abuse_neglect,2,ind_definition,ind_definition,str,,False,,,,,
abuse_neglect,3,reportyear,reportyear,int,,False,,,,,
abuse_neglect,4,race_eth_code,race_eth_code,int,,False,,,,,
abuse_neglect,5,race_eth_name,race_eth_name,str,,False,,,,,
abuse_neglect,6,geotype,geotype,str,,False,,,,,
abuse_neglect,7,geotypevalue,geotypevalue,int,,False,,,,,
abuse_neglect,8,geoname,geoname,str,,False,,,,,
abuse_neglect,9,county_fips,county_fips,int,,False,,,,,
abuse_neglect,10,county_name,county_name,str,,False,,,,,
abuse_neglect,11,region_code,region_code,int,,False,,,,,
abuse_neglect,12,region_name,region_name,str,,False,,,,,
abuse_neglect,13,strata_name_code,strata_name_code,int,,False,,,,,
abuse_neglect,14,strata_name,strata_name,str,,False,,,,,
abuse_neglect,15,strata_level_name_code,strata_level_name_code,int,,False,,,,,
abuse_neglect,16,strata_level_name,strata_level_name,str,,False,,,,,
abuse_neglect,17,allegations_children,allegations_children,int,,False,,,,,
abuse_neglect,18,total_children,total_children,int,,False,,,,,
abuse_neglect,19,percent,percent,float,,False,,,,,
abuse_neglect,20,ll_95ci,ll_95ci,float,,False,,,,,
abuse_neglect,21,ul_95ci,ul_95ci,float,,False,,,,,
abuse_neglect,22,se,se,float,,False,,,,,
abuse_neglect,23,rse,rse,float,,False,,,,,
abuse_neglect,24,ca_decile,ca_decile,int,,False,,,,,
abuse_neglect,25,ca_rr,ca_rr,float,,False,,,,,
abuse_neglect,26,version,version,float,,False,,,,,
registered_voters,1,ind_id,ind_id,int,,False,,,,,
registered_voters,2,ind_definition,ind_definition,str,,False,,,,,
registered_voters,3,reportyear,reportyear,int,,False,,,,,
registered_voters,4,race_eth_code,race_eth_code,int,,False,,,,,
registered_voters,5,race_eth_name,race_eth_name,str,,False,,,,,
registered_voters,6,geotype,geotype,str,,False,,,,,
registered_voters,7,geotypevalue,geotypevalue,int,,False,,,,,
registered_voters,8,geoname,geoname,str,,False,,,,,
registered_voters,9,county_fips,county_fips,int,,False,,,,,
registered_voters,10,county_name,county_name,str,,False,,,,,
registered_voters,11,region_code,region_code,int,,False,,,,,
registered_voters,12,region_name,region_name,str,,False,,,,,
registered_voters,13,type,type,str,,False,,,,,
registered_voters,14,numerator,numerator,int,,False,,,,,
registered_voters,15,denominator,denominator,int,,False,,,,,
registered_voters,16,percent,percent,float,,False,,,,,
registered_voters,17,ll_95ci,ll_95ci,float,,False,,,,,
registered_voters,18,ul_95ci,ul_95ci,float,,False,,,,,
registered_voters,19,se,se,float,,False,,,,,
registered_voters,20,rse,rse,float,,False,,,,,
registered_voters,21,ca_decile,ca_decile,unknown,,False,,,,,
registered_voters,22,ca_rr,ca_rr,float,,False,,,,,
registered_voters,23,vap,vap,float,,False,,,,,
registered_voters,24,version,version,float,,False,,,,,
living_wage,1,ind_id,ind_id,int,,False,,,,,
living_wage,2,ind_definition,ind_definition,str,,False,,,,,
living_wage,3,reportyear,reportyear,int,,False,,,,,
living_wage,4,family_type,family_type,str,,False,,,,,
living_wage,5,race_eth_code,race_eth_code,int,,False,,,,,
living_wage,6,race_eth_name,race_eth_name,str,,False,,,,,
living_wage,7,geotype,geotype,str,,False,,,,,
living_wage,8,geotypevalue,geotypevalue,int,,False,,,,,
living_wage,9,geoname,geoname,str,,False,,,,,
living_wage,10,county_name,county_name,str,,False,,,,,
living_wage,11,county_fips,county_fips,int,,False,,,,,
living_wage,12,region_name,region_name,str,,False,,,,,
living_wage,13,region_code,region_code,int,,False,,,,,
living_wage,14,fam_lt_lw,fam_lt_lw,float,,False,,,,,
living_wage,15,families,families,int,,False,,,,,
living_wage,16,pct_lt_lw,pct_lt_lw,float,,False,,,,,
living_wage,17,ll_95ci,ll_95ci,str,,False,,,,,
living_wage,18,ul_95ci,ul_95ci,str,,False,,,,,
living_wage,19,se,se,str,,False,,,,,
living_wage,20,rse,rse,str,,False,,,,,
living_wage,21,family_type_decile,family_type_decile,unknown,,False,,,,,
living_wage,22,ca_rr,ca_rr,float,,False,,,,,
living_wage,23,livingwage,livingwage,float,,False,,,,,
living_wage,24,version,version,float,,False,,,,,
